Player_Name,Club,Position,Goals_Scored,Assists,Total_Points,Minutes,Goals_Conceded,Creativity,Influence,Threat,Bonus,Clean_Sheets
Alex Runnarsson,Arsenal,Goalkeeper,0,0,1,15,0,0.0,16.6,0,0,0
Alexandre Lacazette,Arsenal,Forward,13,3,129,1916,21,307.4,602.4,797,21,7
Bernd Leno,Arsenal,Goalkeeper,0,0,131,3131,37,0.0,702.2,2,11,11
Bukayo Saka,Arsenal,Midfielder,5,5,114,2554,31,650.6,493.0,984,8,8
Calum Chambers,Arsenal,Defender,0,3,36,751,10,169.4,171.8,77,3,2
Cedric Soares,Arsenal,Defender,0,1,28,744,11,114.8,110.8,66,3,2
Daniel Ceballos,Arsenal,Midfielder,0,4,62,1609,17,422.3,359.8,141,7,6
David Luiz,Arsenal,Defender,1,0,41,1396,20,46.7,250.6,144,0,3
Edward Nketiah,Arsenal,Forward,2,1,36,411,6,97.3,116.6,211,5,1
Emile Smith Rowe,Arsenal,Midfielder,2,5,74,1438,10,385.1,273.2,222,3,9
Gabriel Maghalaes,Arsenal,Defender,2,0,78,1996,24,51.0,464.8,233,7,6
Gabriel Teodoro Martinelli Silva,Arsenal,Midfielder,2,1,36,582,3,133.8,142.6,300,0,4
Granit Xhaka,Arsenal,Midfielder,1,2,70,2519,27,327.6,456.0,154,1,10
Hector Bellerin,Arsenal,Defender,1,3,94,2089,24,351.8,362.8,232,17,7
Kieran Tierney,Arsenal,Defender,1,4,96,2299,27,490.1,446.4,201,4,8
Martin Odegaard,Arsenal,Midfielder,1,2,40,861,12,322.8,169.8,167,3,3
Matt Macey,Arsenal,Goalkeeper,0,0,0,0,0,0.0,0.0,0,0,0
Miguel Azeez,Arsenal,Midfielder,0,0,0,0,0,0.0,0.0,0,0,0
Mohamed Naser El Sayed Elneny,Arsenal,Midfielder,1,0,50,1538,20,99.9,200.2,79,3,5
Nicolas Pepe,Arsenal,Midfielder,10,3,114,1606,21,235.9,476.2,774,11,4
Pablo Mari,Arsenal,Defender,0,0,34,900,8,26.4,163.2,16,1,4
Pierre-Emerick Aubameyang,Arsenal,Midfielder,10,3,131,2330,26,361.5,493.8,823,11,10
Reiss Nelson,Arsenal,Midfielder,0,0,2,70,0,9.7,4.2,10,0,0
Rob Holding,Arsenal,Defender,0,1,105,2557,26,76.1,602.6,97,10,11
Sead Kolasinac,Arsenal,Defender,0,0,2,90,1,5.4,3.6,4,0,0
Shkodran Mustafi,Arsenal,Defender,0,0,3,45,1,1.0,11.6,0,0,0
Sokratis Papastathopoulos,Arsenal,Defender,0,0,0,0,0,0.0,0.0,0,0,0
Thomas Partey,Arsenal,Midfielder,0,2,47,1529,18,195.7,289.4,129,0,6
William Saliba,Arsenal,Defender,0,0,0,0,0,0.0,0.0,0,0,0
Willian Borges Da Silva,Arsenal,Midfielder,1,7,78,1398,17,534.8,256.2,228,9,3
Ahmed El Mohamady,Aston Villa,Defender,0,0,33,833,9,201.8,170.4,65,4,3
Anwar El Ghazi,Aston Villa,Midfielder,10,0,111,1604,22,426.1,500.4,726,13,5
Bertrand Traore,Aston Villa,Midfielder,7,7,135,2315,31,530.6,528.4,917,7,11
Carney Chukwuemeka,Aston Villa,Midfielder,0,0,2,18,0,1.1,1.0,5,0,0
Conor Hourihane,Aston Villa,Midfielder,1,1,20,225,2,82.9,65.4,33,3,2
Douglas Luiz Soares de Paulo,Aston Villa,Midfielder,0,2,72,2781,41,304.5,403.4,189,0,12
Emiliano Martinez,Aston Villa,Goalkeeper,0,0,186,3420,46,20.0,1067.2,0,27,15
Ezri Konsa Ngoyo,Aston Villa,Defender,2,0,119,3195,46,34.2,695.6,276,8,12
Henri Lansbury,Aston Villa,Midfielder,0,0,0,0,0,0.0,0.0,0,0,0
Jack Grealish,Aston Villa,Midfielder,6,12,135,2183,28,1029.6,707.4,917,13,12
Jacob Ramsey,Aston Villa,Midfielder,0,0,28,611,10,91.7,72.8,126,0,2
Jaden Philogene-Bidace,Aston Villa,Midfielder,0,0,1,1,0,0.5,0.0,0,0,0
John McGinn,Aston Villa,Midfielder,3,7,114,3330,46,600.5,579.0,361,2,14
Jose Peleteiro Romallo,Aston Villa,Midfielder,0,0,0,0,0,0.0,0.0,0,0,0
Keinan Davis,Aston Villa,Forward,1,1,23,265,1,76.7,77.2,169,0,1
Kortney Hause,Aston Villa,Defender,1,0,32,630,6,2.2,147.0,57,3,3
Mahmoud Ahmed Ibrahim Hassan,Aston Villa,Midfielder,2,1,56,1157,14,180.1,213.6,478,3,6
Marvelous Nakamba,Aston Villa,Midfielder,0,1,27,747,6,32.5,110.8,10,1,4
Matt Targett,Aston Villa,Defender,0,4,138,3404,44,607.0,690.4,122,9,16
Matthew Cash,Aston Villa,Defender,0,2,89,2373,35,352.9,520.8,110,8,11
Morgan Sanson,Aston Villa,Midfielder,0,0,10,288,4,28.8,25.8,10,0,1
Ollie Watkins,Aston Villa,Forward,14,9,168,3328,46,610.4,815.4,1721,18,14
Orjan Nyland,Aston Villa,Goalkeeper,0,0,0,0,0,0.0,0.0,0,0,0
Ross Barkley,Aston Villa,Midfielder,3,2,76,1566,24,579.3,274.2,431,4,8
Tyrone Mings,Aston Villa,Defender,2,2,128,3194,42,97.3,798.4,293,8,14
Wesley Moraes,Aston Villa,Forward,0,0,3,15,1,1.1,5.0,17,0,0
Aaron Connolly,Brighton and Hove Albion,Forward,2,1,38,783,17,74.1,104.2,307,2,1
Adam Lallana,Brighton and Hove Albion,Midfielder,1,1,58,1584,18,355.7,255.2,302,2,5
Adam Webster,Brighton and Hove Albion,Defender,1,0,85,2594,35,96.6,505.4,244,0,9
Alexis Mac Allister,Brighton and Hove Albion,Midfielder,1,1,48,1108,14,210.6,170.6,235,3,5
Alireza Jahanbakhsh,Brighton and Hove Albion,Midfielder,0,1,24,520,9,162.8,73.2,221,0,1
Andi Zeqiri,Brighton and Hove Albion,Forward,0,0,9,164,2,18.8,16.0,107,0,0
Ben White,Brighton and Hove Albion,Defender,0,0,104,3192,44,152.5,488.6,153,5,12
Bernardo Fernandes da Silva Junior,Brighton and Hove Albion,Defender,0,0,5,205,3,32.4,27.2,69,0,0
Dan Burn,Brighton and Hove Albion,Defender,1,0,64,2057,28,183.1,389.0,214,1,6
Danny Welbeck,Brighton and Hove Albion,Forward,6,4,89,1541,18,269.7,319.8,595,15,6
Davy Propper,Brighton and Hove Albion,Midfielder,0,0,9,209,2,5.1,24.0,52,0,0
Jakub Moder,Brighton and Hove Albion,Midfielder,0,0,21,643,10,62.2,63.8,162,0,2
Jason Steele,Brighton and Hove Albion,Goalkeeper,0,0,0,0,0,0.0,0.0,0,0,0
Jayson Molumby,Brighton and Hove Albion,Midfielder,0,0,1,1,0,0.0,0.0,0,0,0
Joel Veltman,Brighton and Hove Albion,Defender,1,1,96,2280,27,366.0,484.4,169,10,9
Jose Izquierdo,Brighton and Hove Albion,Midfielder,0,0,1,8,0,1.3,3.2,7,0,0
Leandro Trossard,Brighton and Hove Albion,Midfielder,5,6,132,2602,30,725.1,543.4,759,15,12
Lewis Dunk,Brighton and Hove Albion,Defender,5,0,130,2932,40,136.7,720.4,443,17,11
Mathew Ryan,Brighton and Hove Albion,Goalkeeper,0,0,37,1260,21,10.7,193.6,2,0,3
Neal Maupay,Brighton and Hove Albion,Forward,8,2,105,2508,34,443.2,442.2,1103,12,10
Pascal Gross,Brighton and Hove Albion,Midfielder,3,8,116,2479,28,1087.8,620.4,415,11,10
Percy Tau,Brighton and Hove Albion,Midfielder,0,1,7,101,2,35.8,26.8,6,0,0
Reda Khadra,Brighton and Hove Albion,Midfielder,0,0,1,4,0,0.0,0.0,2,0,0
Robert Sanchez,Brighton and Hove Albion,Goalkeeper,0,0,101,2430,27,10.0,542.2,4,8,10
Solomon March,Brighton and Hove Albion,Midfielder,2,2,69,1670,25,414.3,368.6,322,6,7
Steven Alzate,Brighton and Hove Albion,Midfielder,1,0,35,892,17,154.9,132.2,88,3,5
Tariq Lamptey,Brighton and Hove Albion,Defender,1,3,35,887,15,162.9,147.8,156,2,2
Yves Bissouma,Brighton and Hove Albion,Midfielder,1,0,77,3112,42,295.5,523.6,196,2,11
Anthony Driscoll-Glennon,Burnley,Defender,0,0,0,0,0,0.0,0.0,0,0,0
Ashley Barnes,Burnley,Forward,3,0,52,1324,19,243.6,153.8,548,7,6
Ashley Westwood,Burnley,Midfielder,3,4,112,3410,55,843.2,559.2,156,5,11
Bailey Peacock-Farrell,Burnley,Goalkeeper,0,0,3,360,14,0.0,82.6,0,0,0
Ben Mee,Burnley,Defender,2,0,102,2693,41,71.6,691.0,312,7,10
Charlie Taylor,Burnley,Defender,0,2,83,2425,42,248.5,494.4,52,5,8
Chris Wood,Burnley,Forward,12,3,138,2741,43,323.2,595.8,1129,16,9
Dale Stephens,Burnley,Midfielder,0,0,8,257,4,8.3,31.0,41,0,0
Dwight McNeil,Burnley,Midfielder,2,5,113,3068,50,790.3,591.8,277,8,11
Erik Pieters,Burnley,Defender,0,3,50,1260,19,77.0,199.4,63,5,3
Jack Cork,Burnley,Midfielder,0,0,33,1350,24,126.2,140.0,82,0,4
James Tarkowski,Burnley,Defender,1,0,109,3240,50,148.0,773.4,350,9,11
Jay Rodriguez,Burnley,Forward,1,3,54,1248,25,97.4,149.8,449,2,4
Jeff Hendrick,Burnley,Midfielder,2,1,52,1418,24,99.0,211.4,95,3,3
Jimmy Dunne,Burnley,Defender,1,0,9,270,6,22.1,79.6,81,0,0
Joel Mumbongo,Burnley,Forward,0,0,3,37,1,1.8,0.0,0,0,0
Johann Berg Gudmundsson,Burnley,Midfielder,2,0,50,1358,24,160.8,193.6,170,3,3
Josh Benson,Burnley,Midfielder,0,0,10,260,7,7.9,16.0,13,0,1
Josh Brownhill,Burnley,Midfielder,0,1,74,2812,42,309.1,350.4,384,0,10
Kevin Long,Burnley,Defender,0,0,14,636,13,12.0,102.6,25,1,1
Lewis Richardson,Burnley,Forward,0,0,2,3,0,0.0,0.0,0,0,0
Matej Vydra,Burnley,Forward,3,2,62,1359,24,194.0,197.4,491,2,3
Matthew Lowton,Burnley,Defender,1,1,103,3060,47,380.8,551.2,125,6,10
Nick Pope,Burnley,Goalkeeper,0,0,144,2880,37,20.0,846.6,2,20,11
Phil Bardsley,Burnley,Defender,0,0,2,273,8,12.9,39.4,6,0,0
Robbie Brady,Burnley,Midfielder,1,1,44,1047,6,133.9,174.2,168,3,7
Will Norris,Burnley,Goalkeeper,0,0,3,180,4,10.0,15.2,0,0,0
Andreas Christensen,Chelsea,Defender,0,0,61,1371,17,80.9,293.4,34,9,8
Antonio Rudiger,Chelsea,Defender,1,0,93,1710,10,83.8,368.6,201,9,11
Benjamin Chilwell,Chelsea,Defender,3,6,139,2286,23,535.8,545.0,408,11,12
Billy Gilmour,Chelsea,Midfielder,0,0,8,259,2,50.9,36.0,8,0,1
Callum Hudson-Odoi,Chelsea,Midfielder,2,3,59,1050,5,471.5,291.8,336,2,6
Cesar Azpilicueta,Chelsea,Defender,1,2,113,2187,20,413.3,502.2,164,12,13
Christian Pulisic,Chelsea,Midfielder,4,3,82,1731,21,378.8,361.4,724,3,7
Edouard Mendy,Chelsea,Goalkeeper,0,0,140,2745,25,0.0,470.2,0,8,16
Emerson Palmieri dos Santos,Chelsea,Defender,0,0,7,88,0,7.7,17.4,2,0,1
Faustino Anjorin,Chelsea,Midfielder,0,0,0,0,0,0.0,0.0,0,0,0
Fikayo Tomori,Chelsea,Defender,0,0,0,45,2,0.1,26.6,0,0,0
Hakim Ziyech,Chelsea,Midfielder,2,3,70,1164,7,485.6,274.8,369,8,10
Jorge Luiz Frello Filho,Chelsea,Midfielder,7,2,114,2006,17,383.5,588.8,175,15,14
Kai Havertz,Chelsea,Midfielder,4,6,91,1512,15,307.7,325.0,514,3,8
Karlo Ziger,Chelsea,Goalkeeper,0,0,0,0,0,0.0,0.0,0,0,0
Kepa Arrizabalaga,Chelsea,Goalkeeper,0,0,26,585,8,0.0,113.6,0,5,2
Kurt Zouma,Chelsea,Defender,5,0,108,2027,25,72.6,577.8,339,6,9
Marcos Alonso,Chelsea,Defender,2,1,57,958,13,204.1,224.2,328,5,5
Mason Mount,Chelsea,Midfielder,6,7,147,2887,32,1336.9,770.4,954,16,14
Mateo Kovacic,Chelsea,Midfielder,0,1,54,1809,26,384.8,332.4,153,0,9
N'Golo Kante,Chelsea,Midfielder,0,2,62,2140,24,347.3,449.0,96,0,10
Olivier Giroud,Chelsea,Forward,4,0,47,740,5,112.0,161.4,403,6,4
Reece James,Chelsea,Defender,1,3,112,2367,29,697.3,527.4,399,15,9
Tammy Abraham,Chelsea,Forward,6,2,69,1031,12,121.6,277.2,483,8,5
Thiago Silva,Chelsea,Defender,2,0,92,1935,25,84.9,537.8,223,10,10
Timo Werner,Chelsea,Forward,6,12,128,2598,29,532.4,514.8,1276,7,13
Valentino Livramento,Chelsea,Defender,0,0,0,0,0,0.0,0.0,0,0,0
Willy Caballero,Chelsea,Goalkeeper,0,0,1,90,3,0.0,4.2,0,0,0
Andros Townsend,Crystal Palace,Midfielder,1,5,94,2250,37,694.6,511.4,311,8,7
Cheikhou Kouyate,Crystal Palace,Midfielder,1,0,82,3121,56,103.0,574.8,134,2,8
Christian Benteke,Crystal Palace,Forward,10,2,106,1808,34,236.5,512.6,1030,14,5
Connor Wickham,Crystal Palace,Forward,0,0,0,0,0,0.0,0.0,0,0,0
Eberechi Eze,Crystal Palace,Midfielder,4,8,125,2555,51,653.1,516.2,383,17,6
Gary Cahill,Crystal Palace,Defender,1,1,53,1800,39,90.1,406.2,157,6,4
Jack Butland,Crystal Palace,Goalkeeper,0,0,2,90,2,0.0,16.6,0,0,0
Jairo Riedewald,Crystal Palace,Midfielder,2,0,64,1810,39,160.4,274.0,88,4,4
James McArthur,Crystal Palace,Midfielder,0,2,45,1465,26,202.2,285.2,65,3,4
James McCarthy,Crystal Palace,Midfielder,0,0,26,816,15,87.2,112.2,10,0,2
James Tomkins,Crystal Palace,Defender,0,0,18,551,12,11.4,101.2,29,2,2
Jean-Philippe Mateta,Crystal Palace,Forward,1,0,15,215,4,16.2,46.6,80,2,0
Jeffrey Schlupp,Crystal Palace,Midfielder,2,3,65,1415,26,242.1,336.6,304,3,5
Joel Ward,Crystal Palace,Defender,0,1,66,2255,43,118.2,366.8,28,6,7
Jordan Ayew,Crystal Palace,Forward,1,4,70,2086,42,238.6,278.6,451,2,6
Luka Milivojevic,Crystal Palace,Midfielder,1,1,63,2357,47,329.6,410.8,143,3,7
Mamadou Sakho,Crystal Palace,Defender,0,0,4,275,8,1.6,36.6,6,0,0
Martin Kelly,Crystal Palace,Defender,0,0,1,1,0,0.0,2.2,0,0,0
Michy Batshuayi,Crystal Palace,Forward,2,2,41,717,15,113.5,132.8,210,2,2
Nathan Ferguson,Crystal Palace,Defender,0,0,0,0,0,0.0,0.0,0,0,0
Nathaniel Clyne,Crystal Palace,Defender,0,1,28,1145,22,84.3,150.8,34,0,2
Patrick van Aanholt,Crystal Palace,Defender,0,2,54,1775,36,195.3,298.6,198,5,4
Reece Hannam,Crystal Palace,Defender,0,0,0,0,0,0.0,0.0,0,0,0
Ryan Inniss,Crystal Palace,Defender,0,0,0,0,0,0.0,0.0,0,0,0
Sam Woods,Crystal Palace,Defender,0,0,0,0,0,0.0,0.0,0,0,0
Scott Dann,Crystal Palace,Defender,1,1,39,1350,24,17.0,284.6,99,1,2
Stephen Henderson,Crystal Palace,Goalkeeper,0,0,0,0,0,0.0,0.0,0,0,0
Tyrick Mitchell,Crystal Palace,Defender,1,2,58,1710,32,76.8,387.6,60,5,4
Vicente Guaita,Crystal Palace,Goalkeeper,0,0,124,3330,64,0.0,819.4,0,15,8
Wilfried Zaha,Crystal Palace,Midfielder,11,4,136,2612,52,428.5,572.6,1003,11,6
Abdoulaye Doucoure,Everton,Midfielder,2,3,80,2443,36,319.4,433.8,267,2,9
Alex Iwobi,Everton,Midfielder,1,3,65,1530,21,263.1,262.6,233,1,5
Allan Marques Loureiro,Everton,Midfielder,0,0,47,2050,30,233.3,366.6,42,0,7
Andre Tavares Gomes,Everton,Midfielder,0,1,48,1559,22,244.5,189.0,103,0,5
Anthony Gordon,Everton,Midfielder,0,0,3,87,0,12.7,14.4,4,0,0
Ben Godfrey,Everton,Defender,0,2,100,2683,35,84.3,610.4,152,7,11
Bernard Caldeira Duarte,Everton,Midfielder,1,0,21,447,7,142.7,104.8,80,1,2
Cenk Tosun,Everton,Forward,0,0,4,44,3,11.6,2.2,4,0,0
Dominic Calvert-Lewin,Everton,Forward,16,6,165,2871,39,308.0,745.8,1439,21,11
Fabian Delph,Everton,Midfielder,0,0,8,260,6,29.8,37.0,1,0,0
Gylfi Sigurdsson,Everton,Midfielder,6,5,122,2244,29,644.2,530.6,510,13,10
James Rodriguez,Everton,Midfielder,6,5,101,1763,27,585.6,499.2,399,11,5
Joao Virginia,Everton,Goalkeeper,0,0,2,47,0,0.0,25.0,0,0,0
Jonjoe Kenny,Everton,Defender,0,0,5,78,1,8.1,11.0,8,0,0
Jordan Pickford,Everton,Goalkeeper,0,0,114,2742,39,10.1,698.4,0,8,10
Joshua King,Everton,Forward,0,0,11,138,2,5.6,13.4,31,0,0
Lucas Digne,Everton,Defender,0,9,120,2681,42,704.2,592.6,136,18,9
Mason Holgate,Everton,Defender,1,0,80,2286,32,126.0,432.2,80,4,9
Michael Keane,Everton,Defender,3,1,127,2989,43,87.8,814.0,243,13,11
Moise Kean,Everton,Forward,0,0,2,13,0,1.3,0.0,11,0,0
Nathan Broadhead,Everton,Midfielder,0,0,1,2,0,0.0,2.0,0,0,0
Niels Nkounkou,Everton,Defender,0,0,2,80,1,5.7,15.0,1,0,0
Richarlison de Andrade,Everton,Forward,7,6,123,2862,38,359.7,576.4,1147,18,11
Robin Olsen,Everton,Goalkeeper,0,0,25,630,9,0.0,166.4,0,3,2
Seamus Coleman,Everton,Defender,0,3,81,1607,19,268.2,322.6,189,4,8
Tom Davies,Everton,Midfielder,0,1,47,1417,23,112.0,205.6,30,1,5
Yerry Mina,Everton,Defender,2,0,79,1936,22,23.5,496.2,200,7,6
Adam Forshaw,Leeds United,Midfielder,0,0,0,0,0,0.0,0.0,0,0,0
Diego Llorente,Leeds United,Defender,1,0,50,1203,12,51.0,293.0,115,3,4
Ezgjan Alioski,Leeds United,Defender,2,3,110,2456,35,423.0,477.8,281,7,10
Francisco Casilla,Leeds United,Goalkeeper,0,0,14,270,2,0.0,68.0,0,2,1
Gaetano Berardi,Leeds United,Defender,0,0,8,113,0,0.9,17.2,18,1,1
Helder Costa,Leeds United,Midfielder,3,4,63,1150,23,134.3,224.2,289,2,3
Ian Carlo Poveda-Ocampo,Leeds United,Midfielder,0,0,14,344,5,71.5,55.0,91,0,0
Illan Meslier,Leeds United,Goalkeeper,0,0,154,3150,52,10.0,1026.0,0,20,11
Jack Harrison,Leeds United,Midfielder,8,10,160,2846,45,821.7,759.2,666,15,11
Jack Jenkins,Leeds United,Midfielder,0,0,0,0,0,0.0,0.0,0,0,0
Jamie Shackleton,Leeds United,Midfielder,0,0,17,454,11,45.7,52.0,18,0,1
Jay-Roy Grot,Leeds United,Midfielder,0,0,0,0,0,0.0,0.0,0,0,0
Jordan Stevens,Leeds United,Midfielder,0,0,0,0,0,0.0,0.0,0,0,0
Kalvin Phillips,Leeds United,Midfielder,1,2,67,2428,34,539.3,535.4,82,2,9
Kamil Miazek,Leeds United,Goalkeeper,0,0,0,0,0,0.0,0.0,0,0,0
Leif Davis,Leeds United,Defender,0,0,2,31,0,0.6,2.8,0,0,0
Liam Cooper,Leeds United,Defender,1,0,59,2186,41,17.7,620.4,259,2,6
Luke Ayling,Leeds United,Defender,0,0,100,3399,54,421.4,843.2,350,2,12
Mateusz Bogusz,Leeds United,Midfielder,0,0,0,0,0,0.0,0.0,0,0,0
Mateusz Klich,Leeds United,Midfielder,4,5,99,2386,44,661.4,464.6,333,3,8
Niall Huggins,Leeds United,Forward,0,0,1,37,0,0.9,2.6,2,0,0
Pablo Hernandez,Leeds United,Midfielder,0,3,28,414,6,97.9,84.0,153,0,1
Pascal Struijk,Leeds United,Defender,1,0,71,2072,32,66.3,513.0,222,2,7
Patrick Bamford,Leeds United,Forward,17,11,194,3052,50,371.0,867.2,1512,26,10
Raphael Dias Belloli,Leeds United,Midfielder,6,10,133,2358,34,889.3,719.6,902,11,9
Robin Koch,Leeds United,Defender,0,0,38,1130,21,52.2,230.2,131,2,4
Rodrigo Moreno,Leeds United,Forward,7,4,89,1279,21,409.7,398.4,617,16,3
Stuart Dallas,Leeds United,Defender,8,3,171,3410,53,454.6,756.8,527,15,12
Tyler Roberts,Leeds United,Midfielder,1,2,49,1330,19,239.0,189.4,296,0,4
Ayoze Perez,Leicester City,Midfielder,2,1,58,1322,21,323.6,255.6,482,2,5
Calgar Soyuncu,Leicester City,Defender,1,0,59,1816,30,114.4,403.6,157,3,5
Cengiz Under,Leicester City,Midfielder,0,2,16,275,5,87.5,73.4,88,0,0
Christian Fuchs,Leicester City,Defender,0,0,24,701,9,33.9,137.0,22,2,3
Daniel Amartey,Leicester City,Defender,1,0,19,718,12,10.9,155.0,61,2,0
Demarai Gray,Leicester City,Midfielder,0,0,1,18,0,1.3,0.2,3,0,0
Dennis Praet,Leicester City,Midfielder,1,2,37,714,11,132.1,119.2,120,1,3
Filip Benkovic,Leicester City,Defender,0,0,0,0,0,0.0,0.0,0,0,0
Hamza Choudhury,Leicester City,Midfielder,0,0,14,311,2,13.5,34.0,29,0,2
Harvey Barnes,Leicester City,Midfielder,9,5,126,1944,25,359.0,556.4,810,13,7
Islam Slimani,Leicester City,Forward,0,0,1,19,1,11.7,0.2,6,0,0
James Justin,Leicester City,Defender,2,2,101,2070,25,290.7,472.2,195,13,9
James Maddison,Leicester City,Midfielder,8,7,133,2093,28,770.3,588.4,668,12,10
Jamie Vardy,Leicester City,Forward,15,14,187,2838,44,356.6,819.2,1306,23,8
Jonny Evans,Leicester City,Defender,2,2,109,2473,31,129.0,532.4,115,12,10
Kasper Schmeichel,Leicester City,Goalkeeper,0,0,128,3420,50,0.0,769.0,0,6,11
Kelechi Iheanacho,Leicester City,Forward,12,2,110,1452,23,413.9,540.2,814,18,5
Luke Thomas,Leicester City,Defender,1,0,26,968,18,111.7,169.0,101,0,1
Marc Albrighton,Leicester City,Midfielder,1,7,78,1735,22,544.2,412.6,282,3,4
Nampalys Mendy,Leicester City,Midfielder,0,1,41,1452,25,118.7,153.0,23,0,4
Ricardo Domingos Barbosa Pereira,Leicester City,Defender,0,1,27,954,19,162.4,183.4,144,0,2
Sidnei Tavares,Leicester City,Midfielder,0,0,3,84,1,1.2,9.6,9,0,0
Thakgalo Leshabela,Leicester City,Midfielder,0,0,1,9,0,1.4,0.6,0,0,0
Timothy Castagne,Leicester City,Defender,2,4,94,2345,37,350.2,486.6,181,7,6
Vontae Daley-Campbell,Leicester City,Defender,0,0,0,0,0,0.0,0.0,0,0,0
Wes Morgan,Leicester City,Defender,0,0,3,16,0,0.1,3.0,0,0,0
Wesley Fofana,Leicester City,Defender,0,1,71,2260,30,107.8,502.0,121,5,7
Wilfred Ndidi,Leicester City,Midfielder,1,4,79,2175,31,234.5,549.2,78,11,7
Youri Tielemans,Leicester City,Midfielder,6,4,133,3356,50,788.2,840.4,462,11,11
Adrian Castillo,Liverpool,Goalkeeper,0,0,11,270,9,0.0,59.6,0,2,1
Alex Oxlade-Chamberlain,Liverpool,Midfielder,1,1,21,243,6,32.9,70.8,68,0,0
Alisson Becker,Liverpool,Goalkeeper,1,0,140,2970,32,0.1,776.4,17,13,10
Andrew Robertson,Liverpool,Defender,1,8,161,3384,42,1129.3,754.4,359,19,12
Caoimhin Kelleher,Liverpool,Goalkeeper,0,0,10,180,1,0.0,57.8,0,0,1
Curtis Jones,Liverpool,Midfielder,1,2,50,1169,14,233.4,224.6,289,0,5
Dean Henderson,Liverpool,Goalkeeper,0,0,44,1125,12,0.0,275.4,0,1,4
Diogo Jota,Liverpool,Midfielder,9,0,86,1106,15,188.3,387.4,680,9,4
Divock Origi,Liverpool,Forward,0,0,10,180,0,33.2,17.8,60,0,1
Fabio Henrique Tavares,Liverpool,Midfielder,0,2,71,2566,29,106.8,460.4,75,2,11
Georginio Wijnaldum,Liverpool,Midfielder,2,1,97,2938,39,387.0,358.2,307,3,10
James Milner,Liverpool,Midfielder,0,2,44,1056,10,242.0,200.0,108,2,4
Joel Matip,Liverpool,Defender,1,2,42,690,5,42.4,179.0,84,5,3
Jordan Henderson,Liverpool,Midfielder,1,2,56,1704,23,262.3,358.0,108,2,4
Joseph Gomez,Liverpool,Defender,0,0,10,589,14,18.1,106.8,0,0,0
Mohamed Salah,Liverpool,Midfielder,22,6,231,3077,41,825.7,1056.0,1980,21,11
Naby Keita,Liverpool,Midfielder,0,0,15,517,8,100.5,70.6,119,0,2
Nathaniel Phillips,Liverpool,Defender,1,1,68,1455,11,90.6,376.4,132,1,7
Neco Williams,Liverpool,Defender,0,0,11,247,1,47.8,42.0,34,0,1
Ozan Kabak,Liverpool,Defender,0,0,26,801,9,17.2,131.0,19,1,3
Rhys Williams,Liverpool,Defender,0,0,28,659,6,29.8,111.6,62,1,3
Roberto Firmino,Liverpool,Forward,9,8,141,2837,39,643.2,729.4,1415,15,10
Sadio Mane,Liverpool,Midfielder,11,11,176,2808,28,809.7,808.8,1535,14,12
Thiago Alcantara,Liverpool,Midfielder,1,0,55,1851,18,460.3,378.8,178,1,8
Trent Alexander-Arnold,Liverpool,Defender,2,8,160,3029,40,1238.8,789.6,529,26,10
Virgil van Dijk,Liverpool,Defender,1,0,15,370,11,4.8,82.4,66,1,1
Xherdan Shaqiri,Liverpool,Midfielder,0,2,26,548,7,294.2,95.2,86,1,2
Aymeric Laporte,Manchester City,Defender,0,0,58,1343,10,78.0,233.4,85,4,7
Benjamin Mendy,Manchester City,Defender,2,1,63,951,10,117.1,179.8,89,8,5
Bernardo Silva,Manchester City,Midfielder,2,7,94,2063,18,476.2,399.6,463,9,11
Ederson Moares,Manchester City,Goalkeeper,0,1,160,3240,28,10.0,586.0,0,3,19
Eric Garcia,Manchester City,Defender,0,0,6,380,12,26.4,67.6,5,0,0
Fernando Luiz Rosa,Manchester City,Defender,0,2,65,1182,10,220.8,248.6,106,8,7
Ferran Torres,Manchester City,Midfielder,7,4,95,1297,13,276.4,352.2,543,4,7
Gabriel Fernando de Jesus,Manchester City,Forward,9,5,115,2056,17,467.5,501.0,931,16,11
Ilkay Gundogan,Manchester City,Midfielder,13,4,157,2025,16,688.4,754.6,712,22,12
Joao Cancelo,Manchester City,Defender,2,4,138,2298,21,673.0,569.8,394,18,14
John Stones,Manchester City,Defender,4,0,128,1933,12,79.8,520.0,192,11,14
Kevin De Bruyne,Manchester City,Midfielder,6,12,141,1995,17,1170.1,760.8,914,19,12
Kyle Walker,Manchester City,Defender,1,1,91,1944,20,200.9,332.2,88,7,9
Liam Delap,Manchester City,Forward,0,0,1,39,4,0.3,0.0,4,0,0
Luke Mbete,Manchester City,Defender,0,0,0,0,0,0.0,0.0,0,0,0
Nathan Ake,Manchester City,Defender,1,0,29,797,13,46.9,156.0,44,1,3
Nicolas Otamendi,Manchester City,Defender,0,0,0,0,0,0.0,0.0,0,0,0
Oleksandr Zinchenko,Manchester City,Defender,0,0,69,1473,14,295.7,272.0,134,5,8
Phil Foden,Manchester City,Midfielder,9,8,135,1607,16,545.8,580.8,734,17,6
Raheem Sterling,Manchester City,Midfielder,10,9,154,2534,23,584.1,663.4,1366,10,14
Riyad Mahrez,Manchester City,Midfielder,9,8,145,1945,22,693.6,606.0,893,15,11
Rodrigo Hernandez,Manchester City,Midfielder,2,2,91,2747,27,546.3,640.6,335,5,13
Ruben Dias,Manchester City,Defender,1,1,142,2843,21,91.0,651.6,218,12,17
Scott Carson,Manchester City,Goalkeeper,0,0,7,90,3,0.0,37.4,0,1,0
Sergio Aguero,Manchester City,Forward,4,1,38,554,4,102.2,200.6,326,3,4
Taylor Harwood-Bellis,Manchester City,Defender,0,0,0,0,0,0.0,0.0,0,0,0
Zack Steffen,Manchester City,Goalkeeper,0,0,2,90,1,0.0,9.6,0,0,0
Aaron Wan-Bissaka,Manchester United,Defender,2,5,144,3060,36,498.2,785.4,159,11,13
Alex Nicolao Telles,Manchester United,Defender,0,2,25,689,11,200.7,168.6,33,3,1
Amad Diallo,Manchester United,Midfielder,0,1,8,165,3,31.2,38.0,9,0,0
Anthony Elanga,Manchester United,Midfielder,1,0,11,155,2,19.7,51.6,29,2,0
Anthony Martial,Manchester United,Forward,4,7,75,1477,23,265.4,297.6,709,3,4
Axel Tuanzebe,Manchester United,Defender,0,0,7,402,8,6.0,95.0,0,0,0
Brandon Williams,Manchester United,Defender,0,0,5,187,3,19.4,26.6,19,0,0
Bruno Fernandes,Manchester United,Midfielder,18,14,244,3101,36,1414.9,1292.6,1253,36,13
Daniel James,Manchester United,Midfielder,3,1,43,907,7,145.7,186.0,285,1,4
David de Gea,Manchester United,Goalkeeper,0,0,91,2295,32,0.0,464.2,0,4,9
Donny van de Beek,Manchester United,Midfielder,1,2,32,511,12,58.4,117.0,70,0,0
Edinson Cavani,Manchester United,Forward,10,4,99,1364,18,203.3,443.4,513,14,4
Eric Bailly,Manchester United,Defender,0,0,31,915,17,8.3,175.6,26,6,3
Frederico Rodrigues de Paula Santos,Manchester United,Midfielder,1,0,69,2389,25,395.6,482.6,200,1,12
Hannibal Mejbri,Manchester United,Midfielder,0,0,1,8,0,0.0,1.2,0,0,0
Harry Maguire,Manchester United,Defender,2,2,124,3047,36,133.6,701.4,428,8,13
Juan Mata,Manchester United,Midfielder,1,3,32,507,6,132.8,108.4,86,3,1
Luke Shaw,Manchester United,Defender,1,5,124,2653,33,1085.9,596.0,243,22,10
Marcus Rashford,Manchester United,Midfielder,11,11,174,2917,39,682.1,793.2,1127,9,12
Mason Greenwood,Manchester United,Midfielder,7,2,106,1813,23,278.7,370.8,881,9,7
Nathan Bishop,Manchester United,Goalkeeper,0,0,0,0,0,0.0,0.0,0,0,0
Nemanja Matic,Manchester United,Midfielder,0,1,36,1101,18,149.0,218.4,80,0,4
Odion Ighalo,Manchester United,Forward,0,0,1,9,1,0.1,0.0,2,0,0
Paul Pogba,Manchester United,Midfielder,3,6,92,1892,26,376.0,451.4,401,11,5
Scott McTominay,Manchester United,Midfielder,4,2,91,2124,25,270.5,523.2,314,4,9
Shola Shoretire,Manchester United,Midfielder,0,0,2,9,0,1.1,0.2,0,0,0
Victor Lindelof,Manchester United,Defender,1,1,102,2585,30,102.6,503.0,56,3,10
William Fish,Manchester United,Defender,0,0,1,1,0,0.0,0.0,0,0,0
Allan Saint-Maximin,Newcastle United,Midfielder,3,5,85,1554,26,394.2,376.0,418,5,7
Andy Carroll,Newcastle United,Forward,1,1,30,380,8,37.1,64.0,187,3,1
Callum Wilson,Newcastle United,Forward,12,6,134,2081,37,230.4,557.4,761,22,5
Ciaran Clark,Newcastle United,Defender,1,0,46,1890,35,29.8,402.6,105,2,3
DeAndre Yedlin,Newcastle United,Defender,0,0,13,435,6,41.8,58.6,20,0,1
Dwight Gayle,Newcastle United,Forward,1,1,31,501,9,89.4,79.6,263,3,0
Elliot Anderson,Newcastle United,Midfielder,0,0,1,3,0,0.3,0.0,2,0,0
Emil Krafth,Newcastle United,Defender,1,1,45,1286,27,87.7,240.4,88,0,5
Fabian Schar,Newcastle United,Defender,1,0,30,1255,21,9.0,251.0,116,1,2
Federico Fernandez,Newcastle United,Defender,0,0,53,2080,38,91.3,522.0,64,6,5
Florian Lejeune,Newcastle United,Defender,0,0,0,0,0,0.0,0.0,0,0,0
Isaac Hayden,Newcastle United,Midfielder,0,0,40,1942,33,117.7,278.0,155,0,4
Jacob Murphy,Newcastle United,Midfielder,2,3,69,1617,33,280.8,363.4,289,7,3
Jamaal Lascelles,Newcastle United,Defender,2,0,44,1625,32,38.1,345.2,161,3,2
Jamal Lewis,Newcastle United,Defender,0,1,44,1833,37,224.8,272.6,47,3,3
Javier Manquillo,Newcastle United,Defender,0,0,28,822,15,93.5,109.8,18,0,3
Joelinton de Lira,Newcastle United,Forward,4,2,74,1979,36,250.1,357.0,612,5,3
Jonjo Shelvey,Newcastle United,Midfielder,1,3,74,2616,46,522.1,474.2,299,2,6
Joseph Willock,Newcastle United,Midfielder,8,0,79,1210,18,137.2,436.6,401,5,4
Karl Darlow,Newcastle United,Goalkeeper,0,0,80,2250,43,0.0,682.4,0,6,4
Kelland Watts,Newcastle United,Defender,0,0,0,0,0,0.0,0.0,0,0,0
Martin Dubravka,Newcastle United,Goalkeeper,0,0,48,1170,19,0.0,346.8,0,6,3
Matt Ritchie,Newcastle United,Midfielder,0,5,52,1347,22,411.9,225.8,101,5,3
Matthew Longstaff,Newcastle United,Midfielder,0,0,10,376,8,35.6,32.6,2,0,1
Miguel Almiron,Newcastle United,Midfielder,4,2,97,2426,48,447.3,452.6,425,8,5
Paul Dummett,Newcastle United,Defender,1,0,40,1254,20,68.1,274.4,45,2,3
Ryan Fraser,Newcastle United,Midfielder,0,4,39,922,18,395.0,142.8,165,0,4
Sean Longstaff,Newcastle United,Midfielder,0,1,41,1405,26,182.8,179.2,148,1,2
Yoshinori Muto,Newcastle United,Forward,0,0,0,0,0,0.0,0.0,0,0,0
Alex McCarthy,Southampton,Goalkeeper,0,0,94,2700,57,0.0,741.2,0,8,7
Caleb Watts,Southampton,Midfielder,0,0,2,36,0,4.4,5.4,0,0,0
Che Adams,Southampton,Forward,9,7,137,2662,51,488.6,581.8,964,16,7
Daniel N'Lundulu,Southampton,Forward,0,0,13,102,1,12.2,3.2,16,0,0
Danny Ings,Southampton,Forward,12,4,131,2172,40,300.7,634.6,866,21,6
Fraser Forster,Southampton,Goalkeeper,0,0,30,720,11,0.0,191.0,0,0,2
Ibrahima Diallo,Southampton,Midfielder,0,0,31,1010,22,143.2,120.4,66,0,3
Jack Stephens,Southampton,Defender,0,0,41,1537,39,85.6,351.0,104,6,4
Jake Vokins,Southampton,Defender,0,0,1,66,2,14.8,1.8,0,0,0
James Ward-Prowse,Southampton,Midfielder,8,7,156,3420,68,971.2,940.0,355,17,9
Jan Bednarek,Southampton,Defender,1,1,94,3100,62,75.0,692.0,164,11,9
Jannik Vestergaard,Southampton,Defender,3,1,86,2574,47,102.1,671.8,294,4,6
Kgaogelo Chauke,Southampton,Midfielder,0,0,0,0,0,0.0,0.0,0,0,0
Kyle Walker-Peters,Southampton,Defender,0,3,93,2646,41,262.2,497.6,316,7,9
Michael Obafemi,Southampton,Forward,0,0,4,57,2,10.8,5.6,4,0,0
Mohammed Salisu,Southampton,Defender,0,0,14,841,19,29.9,188.2,34,0,0
Moussa Djenepo,Southampton,Midfielder,1,2,46,1229,27,97.7,178.0,170,0,3
Nathan Redmond,Southampton,Midfielder,2,3,67,1727,39,400.4,297.0,477,3,1
Nathan Tella,Southampton,Midfielder,1,2,36,735,11,86.0,94.6,203,2,2
Oriol Romeu Vidal,Southampton,Midfielder,1,1,52,1762,25,229.1,349.2,98,4,6
Ryan Bertrand,Southampton,Defender,0,2,78,2598,51,271.8,306.8,135,4,8
Shane Long,Southampton,Forward,0,0,12,201,6,6.4,9.8,19,0,1
Stuart Armstrong,Southampton,Midfielder,4,7,115,2764,56,496.7,541.2,457,4,8
Takumi Minamino,Southampton,Midfielder,3,0,48,999,18,92.3,168.2,281,2,2
Theo Walcott,Southampton,Midfielder,3,4,76,1629,28,248.0,269.8,366,2,5
William Smallbone,Southampton,Midfielder,0,0,5,171,5,7.4,16.8,9,0,0
Yan Valery,Southampton,Defender,0,0,3,101,4,22.1,26.0,12,0,0
Bamidele Alli,Tottenham Hotspurs,Midfielder,0,2,30,613,9,132.1,103.4,165,0,3
Ben Davies,Tottenham Hotspurs,Defender,0,2,52,1340,16,136.8,232.8,65,1,4
Cameron Carter-Vickers,Tottenham Hotspurs,Defender,0,0,0,0,0,0.0,0.0,0,0,0
Carlos Vinicius Alves Morais,Tottenham Hotspurs,Forward,1,0,13,305,2,26.9,52.6,142,0,1
Dane Scarlett,Tottenham Hotspurs,Forward,0,0,1,1,0,0.0,0.0,0,0,0
Danny Rose,Tottenham Hotspurs,Defender,0,0,0,0,0,0.0,0.0,0,0,0
Davinson Sanchez,Tottenham Hotspurs,Defender,0,0,43,1486,22,20.0,319.2,114,3,4
Eric Dier,Tottenham Hotspurs,Defender,0,0,77,2520,34,82.2,577.0,114,2,8
Erik Lamela,Tottenham Hotspurs,Midfielder,1,1,28,700,17,137.1,115.2,236,0,1
Gareth Bale,Tottenham Hotspurs,Midfielder,11,3,113,912,12,306.5,550.8,507,16,5
Giovani Lo Celso,Tottenham Hotspurs,Midfielder,1,1,35,939,10,222.8,169.2,155,0,5
Harry Kane,Tottenham Hotspurs,Forward,23,14,242,3083,39,659.1,1318.2,1585,40,12
Harry Winks,Tottenham Hotspurs,Midfielder,0,0,19,856,16,77.6,128.2,24,0,1
Heung-Min Son,Tottenham Hotspurs,Midfielder,17,11,228,3119,36,1049.9,1052.2,1046,26,13
Hugo Lloris,Tottenham Hotspurs,Goalkeeper,0,0,149,3420,45,0.0,868.0,0,13,12
Japhet Tanganga,Tottenham Hotspurs,Defender,0,0,14,487,8,29.5,68.8,40,0,2
Joe Rodon,Tottenham Hotspurs,Defender,0,0,27,732,12,3.6,166.2,6,3,2
Juan Foyth,Tottenham Hotspurs,Defender,0,0,0,0,0,0.0,0.0,0,0,0
Lucas Moura,Tottenham Hotspurs,Midfielder,3,5,80,1397,18,258.4,322.4,298,5,4
Matt Doherty,Tottenham Hotspurs,Defender,0,2,47,1238,15,182.4,257.2,79,4,4
Moussa Sissoko,Tottenham Hotspurs,Midfielder,0,0,44,1576,22,94.5,182.2,69,2,5
Paulo Gazzaniga,Tottenham Hotspurs,Goalkeeper,0,0,0,0,0,0.0,0.0,0,0,0
Pierre-Emile Hojbjerg,Tottenham Hotspurs,Midfielder,2,4,107,3420,45,308.7,728.8,146,6,12
Ryan Sessegnon,Tottenham Hotspurs,Defender,0,0,0,0,0,0.0,0.0,0,0,0
Serge Aurier,Tottenham Hotspurs,Defender,2,3,80,1605,22,267.6,412.2,194,4,6
Sergio Reguilon,Tottenham Hotspurs,Defender,0,6,89,2244,31,309.4,361.2,253,4,8
Steven Bergwijn,Tottenham Hotspurs,Midfielder,1,4,55,1202,15,190.9,161.4,180,2,5
Tanguy Ndombele,Tottenham Hotspurs,Midfielder,3,3,99,2086,24,270.8,408.0,281,7,12
Toby Alderweireld,Tottenham Hotspurs,Defender,1,0,88,2240,25,106.5,559.8,178,4,10
Aaron Cresswell,West Ham United,Defender,0,11,153,3170,41,898.6,669.4,96,21,11
Ademipo Odubeko,West Ham United,Forward,0,0,0,0,0,0.0,0.0,0,0,0
Albian Ajeti,West Ham United,Forward,0,0,0,0,0,0.0,0.0,0,0,0
Andriy Yarmolenko,West Ham United,Midfielder,0,1,17,362,7,80.3,50.6,106,0,1
Angelo Ogbonna,West Ham United,Defender,3,0,100,2492,34,56.4,489.8,244,5,9
Arthur Masuaku,West Ham United,Defender,0,2,42,1006,15,200.5,187.4,62,4,4
Ben Johnson,West Ham United,Defender,1,0,25,516,10,63.7,98.0,28,0,1
Craig Dawson,West Ham United,Defender,3,0,75,1925,25,30.2,433.6,219,3,7
Darren Randolph,West Ham United,Goalkeeper,0,0,10,270,3,0.0,46.2,0,0,1
Declan Rice,West Ham United,Midfielder,2,1,86,2880,37,343.8,561.2,303,2,11
Fabian Balbuena,West Ham United,Defender,1,0,39,1197,19,9.0,260.8,79,0,4
Felipe Anderson Pereira Gomes,West Ham United,Midfielder,0,0,2,2,0,0.4,2.4,2,0,0
Frederik Alves,West Ham United,Defender,0,0,0,0,0,0.0,0.0,0,0,0
Issa Diop,West Ham United,Defender,2,0,42,1379,22,17.4,375.6,48,1,2
Jamal Baptiste,West Ham United,Defender,0,0,0,0,0,0.0,0.0,0,0,0
Jarrod Bowen,West Ham United,Midfielder,8,6,141,2556,33,493.5,529.8,812,8,9
Jesse Lingard,West Ham United,Midfielder,9,5,106,1423,19,288.2,487.0,530,15,4
Jordan Hugill,West Ham United,Forward,0,0,0,0,0,0.0,0.0,0,0,0
Lukasz Fabianski,West Ham United,Goalkeeper,0,0,133,3150,44,0.0,745.2,0,11,10
Manuel Lanzini,West Ham United,Midfielder,1,1,28,556,5,153.0,121.4,102,0,1
Mark Noble,West Ham United,Midfielder,0,0,27,701,15,88.6,80.4,7,0,0
Michail Antonio,West Ham United,Forward,10,5,118,1972,25,349.1,517.8,1038,19,6
Pablo Fornals,West Ham United,Midfielder,5,7,125,2571,33,441.3,491.8,631,10,9
Roberto Jimenez Gago,West Ham United,Goalkeeper,0,0,0,0,0,0.0,0.0,0,0,0
Ryan Fredericks,West Ham United,Defender,1,1,28,564,9,166.8,155.2,96,0,1
Said Benrahma,West Ham United,Midfielder,1,6,73,1376,19,371.9,301.0,371,4,3
Sebastian Haller,West Ham United,Forward,3,0,41,932,12,131.6,169.6,361,4,3
Tomas Soucek,West Ham United,Midfielder,10,2,147,3420,47,271.1,889.8,925,16,11
Vladimir Coufal,West Ham United,Defender,0,9,128,3054,43,670.9,693.8,220,12,9
Adama Traore,Wolverhampton Wanderers,Midfielder,2,4,94,2640,41,751.0,475.4,645,5,7
Conor Coady,Wolverhampton Wanderers,Defender,1,0,106,3303,51,40.1,692.2,85,7,10
Daniel Castelo Podence,Wolverhampton Wanderers,Midfielder,3,2,75,1661,24,322.0,285.6,456,5,8
Fabio Silva,Wolverhampton Wanderers,Forward,4,3,72,1352,29,166.1,238.2,758,5,0
Fernando Marcal,Wolverhampton Wanderers,Defender,0,0,19,618,9,61.7,102.6,13,0,1
Joao Santos Moutinho,Wolverhampton Wanderers,Midfielder,1,1,73,2526,40,726.9,478.4,113,4,6
John Ruddy,Wolverhampton Wanderers,Goalkeeper,0,0,4,91,1,0.0,25.4,0,0,0
Jonathan Castro Otto,Wolverhampton Wanderers,Defender,0,0,16,496,4,31.8,61.0,14,1,1
Ki-Jana Hoever,Wolverhampton Wanderers,Defender,0,0,13,573,11,59.7,100.4,26,0,0
Leander Dendoncker,Wolverhampton Wanderers,Midfielder,1,2,77,2498,33,261.4,386.4,343,2,11
Max Kilman,Wolverhampton Wanderers,Defender,0,1,58,1307,11,67.4,249.6,78,8,5
Morgan Gibbs-White,Wolverhampton Wanderers,Midfielder,1,0,22,407,6,112.8,85.0,114,3,0
Nelson Semedo,Wolverhampton Wanderers,Defender,1,3,109,2983,45,412.9,595.2,297,11,9
Oskar Buur,Wolverhampton Wanderers,Defender,0,0,1,22,0,0.5,0.6,0,0,0
Owen Otasowie,Wolverhampton Wanderers,Midfielder,0,1,9,185,6,25.9,38.2,34,0,0
Patrick Cutrone,Wolverhampton Wanderers,Forward,0,0,2,23,0,0.0,0.0,4,0,0
Pedro Lomba Neto,Wolverhampton Wanderers,Midfielder,5,8,124,2549,38,1007.3,594.2,722,10,9
Raul Jimenez ,Wolverhampton Wanderers,Forward,4,1,43,824,10,96.2,177.4,275,7,4
Rayan Ait Nouri,Wolverhampton Wanderers,Defender,1,1,54,1400,23,234.5,243.2,196,6,3
Romain Saiss,Wolverhampton Wanderers,Defender,3,0,99,2407,40,101.2,584.6,347,11,8
Ruben Neves,Wolverhampton Wanderers,Midfielder,5,1,104,2670,42,455.0,697.2,445,10,8
Ruben Vinagre,Wolverhampton Wanderers,Defender,0,0,1,172,7,25.3,31.2,0,0,0
Rui Pedro Patricio,Wolverhampton Wanderers,Goalkeeper,0,0,132,3330,51,0.0,763.6,0,12,10
Vitor Ferreira,Wolverhampton Wanderers,Midfielder,0,1,26,509,8,179.0,80.0,72,0,0
Willian Jose,Wolverhampton Wanderers,Forward,1,1,40,1106,13,165.9,89.6,256,3,5
Willy Boly,Wolverhampton Wanderers,Defender,1,1,68,1879,29,46.1,414.0,182,4,6
